{"cameraMode":{"drawMode":0,"name":"Shaded","section":"Shading Mode"},"sceneLighting":false,"audioPlay":false,"sceneViewState":{"showFog":false,"showMaterialUpdate":false,"showSkybox":false,"showFlares":false,"showImageEffects":false,"showParticleSystems":false},"in2DMode":false,"pivot":{"x":1.0800000429153443,"y":0.12540602684020997,"z":0.5799999833106995},"rotation":{"x":0.04578396677970886,"y":-0.9162555932998657,"z":0.3831124007701874,"w":0.11002849787473679},"size":1.7208290100097657,"orthographic":false}